,feature_seq
0,ACCGGTAAGGCACAAAAACG
1,ATTTGCAAGGAACAAAAACG
2,ACCTGTAAGGCACAAAAACG
3,AATTGCAAGGAACAAAAACG
4,ACCGGTAAGGTACAAAAACG
5,AGGGGTAAGGTACAAAAACG
6,AGGGGCAAGGCACAGAAACG
7,AGGGGCAAGGTACAGAAACG
8,ATTCGCAAGGAACAAAAACG
9,AGGGGCAAGGAACAAAAACG
10,AGAGGCAAGGTACAAAAACG
11,AGGGGCAAGGTACAAAAACG
12,AATCGCAAGGAACAAAAACG
13,ACCCGTAAGGCACAGAAACG
14,ATACGCAAGGAACAAAAACG
15,AACTGCAAGGCACAGAAACG
16,ACGGGTAAGGTACAAAAACG
17,AGTTGCAAGGAACAAAAACG
18,AGGTGCAAGGAACAAAAACG
19,ACCGGTAAGGCACAGAAACG
20,ATACGCAAGGCACAGAAACG
21,ATACGCAAGGCACAAAAACG
22,AAACGCAAGGAACAGAAACG
23,AAGCGCAAGGAACAGAAACG
24,ATCTGCAAGGCACAGAAACG
25,AGGGGCAAGGCACAAAAACG
26,AAGCGCAAGGAACAAAAACG
27,AGCTGCAAGGCACAAAAACG
28,AGCTGTAAGGAACAAAAACG
29,AGGTGTAAGGTACAAAAACG
30,ACGGGTAAGGCACAGAAACG
31,AGGCGCAAGGAACAGAAACG
32,AGGGGCAAGGAACAGAAACG
33,AGCGGTAAGGTACAAAAACG
34,ATCTGCAAGGCACAAAAACG
35,AAGTGCAAGGAACAAAAACG
36,AGGCGCAAGGAACAAAAACG
37,AGCCGCAAGGCACAGAAACG
38,AACCGCAAGGAACAGAAACG
39,AGCTGTAAGGCACAAAAACG
40,AGGCGCAAGGTACAAAAACG
41,AATCGCAAGGAACAGAAACG
42,AGGCGCAAGGTACAGAAACG
43,AGACGCAAGGAACAAAAACG
44,ACACGCAAGGTACAAAAACG
45,ATATGCAAGGCACAAAAACG
46,AGGGGTAAGGTACAGAAACG
47,AGGGGTAAGGAACAAAAACG
48,AACCGCAAGGCACAGAAACG
49,AGACGCAAGGTACAGAAACG
50,AAACGCAAGGAACAAAAACG
51,AACTGCAAGGAACAAAAACG
52,AGACGCAAGGCACAGAAACG
53,AGACGCAAGGTACAAAAACG
54,ATCCGCAAGGCACAGAAACG
55,ACCGGCAAGGAACAAAAACG
56,ACCTGTAAGGCACAGAAACG
57,ATATGTAAGGCACAAAAACG
58,AGGTGTAAGGCACAAAAACG
59,AGACGCAAGGAACAGAAACG
60,ATACGCAAGGAACAGAAACG
61,ATCTGTAAGGCACAAAAACG
62,AGAGGTAAGGCACAGAAACG
63,AAACGCAAGGCACAGAAACG
64,ACCGGTAAGGTACAGAAACG
65,ACAGGTAAGGTACAAAAACG
66,AAGGGCAAGGCACAAAAACG
67,AGAGGTAAGGTACAAAAACG
68,ATGGGCAAGGTACAAAAACG
69,AAATGCAAGGAACAAAAACG
70,AGCGGTAAGGCACAGAAACG
71,AGGGGTAAGGCACAAAAACG
72,ATTTGCAAGGCACAGAAACG
73,ACAGGCAAGGTACAAAAACG
74,ATTTGTAAGGAACAAAAACG
75,ATGTGCAAGGAACAAAAACG
76,ATATGCAAGGAACAAAAACG
77,AGTTGCAAGGAACAGAAACG
78,AGGTGTAAGGAACAAAAACG
79,ATCTGTAAGGCACAGAAACG
80,ATTCGCAAGGAACAGAAACG
81,ATCCGTAAGGCACAGAAACG
82,AGCGGTAAGGAACAAAAACG
83,ATGCGCAAGGCACAAAAACG
84,AGACGTAAGGCACAAAAACG
85,AATTGCAAGGAACAGAAACG
86,ATGTGTAAGGAACAAAAACG
87,ATTTGCAAGGCACAAAAACG
88,ATCGGTAAGGTACAAAAACG
89,AGGGGTAAGGCACAGAAACG
90,AGGTGCAAGGCACAGAAACG
91,ATGTGCAAGGCACAAAAACG
92,ACACGCAAGGCACAGAAACG
93,AGATGCAAGGAACAAAAACG
94,AGCGGCAAGGTACAAAAACG
95,ATCGGTAAGGCACAGAAACG
96,AGAGGCAAGGCACAGAAACG
97,ATTTGTAAGGCACAAAAACG
98,AAGTGCAAGGAACAGAAACG
99,ACCCGCAAGGCACAGAAACG
100,ACCCGTAAGGCACAAAAACG
101,ATTTGCAAGGAACAGAAACG
102,AAACGCAAGGTACAGAAACG
103,ATATGCAAGGCACAGAAACG
104,AAGGGCAAGGAACAAAAACG
105,ATGCGCAAGGCACAGAAACG
106,ATCTGCAAGGAACAAAAACG
107,AAAGGCAAGGTACAAAAACG
108,ACCCGCAAGGTACAAAAACG
109,AGATGCAAGGCACAAAAACG
110,AAGTGTAAGGAACAAAAACG
111,ATTCGCAAGGCACAAAAACG
112,ATCCGCAAGGCACAAAAACG
113,AGTCGCAAGGAACAAAAACG
114,AAAGGCAAGGAACAGAAACG
115,AGAGGCAAGGTACAGAAACG
116,AATTGCAAGGCACAAAAACG
117,ACCGGCAAGGTACAAAAACG
118,ACGGGTAAGGTACAGAAACG
119,AGAGGCAAGGCACAAAAACG
120,AGCCGCAAGGTACAAAAACG
121,AACTGTAAGGCACAAAAACG
122,AGCTGTAAGGTACAAAAACG
123,AGACGTAAGGTACAGAAACG
124,AAACGCAAGGTACAAAAACG
125,AAGGGCAAGGCACAGAAACG
126,AATTGCAAGGCACAGAAACG
127,ACAGGCAAGGCACAGAAACG
128,AGCGGTAAGGTACAGAAACG
129,AGCGGTAAGGCACAAAAACG
130,AGCCGTAAGGCACAAAAACG
131,AGAGGCAAGGAACAGAAACG
132,ACGGGCAAGGTACAAAAACG
133,AACTGTAAGGCACAGAAACG
134,AGGCGCAAGGCACAGAAACG
135,ACGTGTAAGGCACAAAAACG
136,AAGCGCAAGGTACAGAAACG
137,ATACGCAAGGTACAAAAACG
138,AGCTGTAAGGCACAGAAACG
139,ATCTGTAAGGAACAAAAACG
140,AACTGCAAGGCACAAAAACG
141,AGACGTAAGGTACAAAAACG
142,ACACGTAAGGCACAGAAACG
143,AAATGCAAGGAACAGAAACG
144,AAAGGTAAGGTACAAAAACG
145,AAGTGTAAGGCACAGAAACG
146,AAAGGCAAGGCACAAAAACG
147,AGGTGCAAGGCACAAAAACG
148,AAATGCAAGGCACAGAAACG
149,ACCGGCAAGGTACAGAAACG
150,AGGTGTAAGGCACAGAAACG
151,AAGGGCAAGGTACAAAAACG
152,AAACGCAAGGCACAAAAACG
153,AGACGCAAGGCACAAAAACG
154,AAGGGCAAGGAACAGAAACG
155,ATTCGCAAGGCACAGAAACG
156,AAAGGCAAGGTACAGAAACG
157,ACACGCAAGGTACAGAAACG
158,ATCCGCAAGGAACAAAAACG
159,AGATGTAAGGTACAAAAACG
160,ACCCGTAAGGTACAGAAACG
161,ACCTGTAAGGAACAAAAACG
162,AGATGCAAGGCACAGAAACG
163,AAGGGTAAGGAACAGAAACG
164,ACAGGCAAGGTACAGAAACG
165,AACTGTAAGGAACAAAAACG
166,AGATGTAAGGCACAAAAACG
167,ACCGGCAAGGCACAGAAACG
168,ACGCGTAAGGCACAGAAACG
169,AACGGTAAGGCACAGAAACG
170,AATTGTAAGGCACAAAAACG
171,ACGGGCAAGGTACAGAAACG
172,AGCTGCAAGGAACAAAAACG
173,ATACGTAAGGCACAGAAACG
174,AAATGCAAGGCACAAAAACG
175,AGTCGCAAGGTACAAAAACG
176,ACACGTAAGGTACAAAAACG
177,AGCGGCAAGGTACAGAAACG
178,ATGTGCAAGGAACAGAAACG
179,AAGTGTAAGGCACAAAAACG
180,AAGGGTAAGGTACAGAAACG
181,ACACGCAAGGAACAAAAACG
182,AAGCGCAAGGTACAAAAACG
183,AGGTGCAAGGAACAGAAACG
184,ACAGGTAAGGCACAGAAACG
185,AGCTGCAAGGCACAGAAACG
186,AGGTGCAAGGTACAAAAACG
187,AGCGGCAAGGCACAGAAACG
188,ATGTGTAAGGCACAGAAACG
189,AAAGGCAAGGCACAGAAACG
190,AACCGTAAGGCACAGAAACG
191,ACATGTAAGGCACAGAAACG
192,AACCGTAAGGAACAGAAACG
193,ACCCGCAAGGCACAAAAACG
194,AAAGGTAAGGTACAGAAACG
195,ACGGGTAAGGCACAAAAACG
196,AGCGGCAAGGCACAAAAACG
197,AAGGGCAAGGTACAGAAACG
198,AGATGCAAGGAACAGAAACG
199,ACGTGTAAGGCACAGAAACG
200,ATCCGTAAGGTACAAAAACG
201,AATTGTAAGGAACAAAAACG
202,AAGTGCAAGGCACAGAAACG
203,AAGCGCAAGGCACAGAAACG
204,ATCCGTAAGGCACAAAAACG
205,ATCCGCAAGGAACAGAAACG
206,AGCCGTAAGGTACAGAAACG
207,ATAGGCAAGGCACAAAAACG
208,AAGGGTAAGGCACAAAAACG
209,AAGGGTAAGGCACAGAAACG
210,ATGGGCAAGGCACAGAAACG
211,ACCTGCAAGGCACAGAAACG
212,AGACGTAAGGCACAGAAACG
213,ACCTGTAAGGTACAAAAACG
214,ATAGGCAAGGCACAGAAACG
215,AGCCGTAAGGCACAGAAACG
216,AACGGCAAGGTACAAAAACG
217,AAGCGCAAGGCACAAAAACG
218,AAAGGCAAGGAACAAAAACG
219,ATATGCAAGGAACAGAAACG
220,AGAGGTAAGGCACAAAAACG
221,ACACGTAAGGTACAGAAACG
222,ATAGGTAAGGCACAGAAACG
223,AGTCGCAAGGAACAGAAACG
224,AGATGTAAGGAACAAAAACG
225,AGCCGCAAGGTACAGAAACG
226,AGAGGCAAGGAACAAAAACG
227,AGCCGTAAGGTACAAAAACG
228,AGCCGCAAGGCACAAAAACG
229,ATCCGCAAGGTACAAAAACG
230,ATGTGCAAGGCACAGAAACG
231,AAAGGTAAGGCACAGAAACG
232,AACCGCAAGGCACAAAAACG
233,ACCCGCAAGGAACAGAAACG
234,ACCCGCAAGGTACAGAAACG
235,AGGCGTAAGGTACAAAAACG
236,ATGGGCAAGGCACAAAAACG
237,AACTGCAAGGAACAGAAACG
238,ACCGGCAAGGCACAAAAACG
239,ATGTGTAAGGCACAAAAACG
240,ATAGGCAAGGAACAAAAACG
241,ACCTGCAAGGCACAAAAACG
242,AGGCGTAAGGCACAGAAACG
243,AAGGGTAAGGTACAAAAACG
244,AAATGTAAGGCACAAAAACG
245,ACGCGCAAGGCACAGAAACG
246,AGGGGTAAGGAACAGAAACG
247,AAGCGTAAGGCACAGAAACG
248,AGGCGCAAGGCACAAAAACG
249,ATGCGCAAGGAACAAAAACG
250,ACGTGTAAGGAACAAAAACG
251,AAGTGCAAGGCACAAAAACG
252,ATGCGCAAGGTACAGAAACG
253,ATGGGTAAGGCACAGAAACG
254,AACCGTAAGGCACAAAAACG
255,ATAGGCAAGGTACAAAAACG
256,AAGGGTAAGGAACAAAAACG
257,AACGGTAAGGCACAAAAACG
258,AGTCGCAAGGCACAGAAACG
259,ACGTGTAAGGTACAAAAACG
260,ACCCGTAAGGTACAAAAACG
261,AGTTGTAAGGAACAAAAACG
262,ACACGCAAGGCACAAAAACG
263,AGACGTAAGGAACAAAAACG
264,ATATGTAAGGAACAAAAACG
265,AGAGGTAAGGTACAGAAACG
266,ACACGCAAGGAACAGAAACG
267,ATACGTAAGGCACAAAAACG
268,AAGCGTAAGGTACAAAAACG
269,AGCTGCAAGGAACAGAAACG
270,AACCGCAAGGTACAGAAACG
271,ACCTGCAAGGAACAAAAACG
272,AAATGTAAGGCACAGAAACG
273,AAATGTAAGGAACAAAAACG
274,AGGCGTAAGGTACAGAAACG
275,ACGTGCAAGGCACAAAAACG
276,ATGCGCAAGGAACAGAAACG
277,AATCGTAAGGAACAAAAACG
278,ACGCGTAAGGTACAAAAACG
279,ACATGCAAGGCACAGAAACG
280,ATCGGTAAGGCACAAAAACG
281,AAACGTAAGGCACAGAAACG
282,AACCGCAAGGAACAAAAACG
283,AGCGGCAAGGAACAAAAACG
284,AACGGTAAGGTACAGAAACG
285,ACCGGTAAGGAACAAAAACG
286,ATCGGCAAGGCACAGAAACG
287,AACCGTAAGGTACAAAAACG
288,AACGGCAAGGCACAGAAACG
289,ATACGCAAGGTACAGAAACG
290,AACCGTAAGGAACAAAAACG
291,AATCGCAAGGCACAAAAACG
292,AACGGCAAGGAACAGAAACG
293,AACGGCAAGGTACAGAAACG
294,ATAGGTAAGGTACAAAAACG
295,ATCGGCAAGGTACAAAAACG
296,AACTGTAAGGAACAGAAACG
297,AAATGTAAGGAACAGAAACG
298,ATGGGCAAGGAACAAAAACG
299,AAGTGTAAGGAACAGAAACG
300,ATCGGCAAGGCACAAAAACG
301,ACACGTAAGGCACAAAAACG
302,ACATGTAAGGCACAAAAACG
303,AGAGGTAAGGAACAAAAACG
304,AGTTGCAAGGCACAAAAACG
305,AATCGCAAGGCACAGAAACG
306,ACGCGTAAGGTACAGAAACG
307,ATATGTAAGGCACAGAAACG
308,AGGCGTAAGGAACAAAAACG
309,AATGGCAAGGAACAAAAACG
310,ACATGTAAGGAACAAAAACG
311,AGGTGTAAGGAACAGAAACG
312,ACTTGTAAGGAACAAAAACG
313,AACTGTAAGGTACAAAAACG
314,AATCGCAAGGTACAGAAACG
315,ATCCGCAAGGTACAGAAACG
316,ATCCGTAAGGAACAAAAACG
317,ATCTGCAAGGAACAGAAACG
318,AGACGTAAGGAACAGAAACG
319,AACGGTAAGGTACAAAAACG
320,ATCGGCAAGGAACAAAAACG
321,ACGGGCAAGGCACAGAAACG
322,AGTGGCAAGGAACAAAAACG
323,AACCGCAAGGTACAAAAACG
324,AAGTGTAAGGTACAGAAACG
325,ATGGGTAAGGCACAAAAACG
326,AATTGTAAGGAACAGAAACG
327,ATGGGTAAGGTACAAAAACG
328,ACAGGTAAGGTACAGAAACG
329,AAGCGTAAGGAACAGAAACG
330,ACTTGCAAGGAACAAAAACG
331,ACCCGTAAGGAACAAAAACG
332,AGCCGCAAGGAACAAAAACG
333,AAACGTAAGGAACAAAAACG
334,AAAGGTAAGGAACAGAAACG
335,AGATGTAAGGCACAGAAACG
336,AACGGCAAGGCACAAAAACG
337,ATTGGCAAGGAACAAAAACG
338,AAGCGTAAGGAACAAAAACG
339,AGCGGCAAGGAACAGAAACG
340,ACAGGTAAGGCACAAAAACG
341,AGCCGTAAGGAACAAAAACG
342,AGCTGTAAGGAACAGAAACG
343,AGGTGCAAGGTACAGAAACG
344,ACAGGCAAGGCACAAAAACG
345,AGGTGTAAGGTACAGAAACG
346,ACGGGCAAGGCACAAAAACG
347,AAACGTAAGGCACAAAAACG
348,AGCTGCAAGGTACAAAAACG
349,AGCCGCAAGGAACAGAAACG
350,AGTCGCAAGGCACAAAAACG
351,ATGCGCAAGGTACAAAAACG
352,ACCCGCAAGGAACAAAAACG
353,AAGTGTAAGGTACAAAAACG
354,ATTGGTAAGGTACAAAAACG
355,ACTCGCAAGGAACAAAAACG
356,ACGCGCAAGGTACAGAAACG
357,ATAGGCAAGGTACAGAAACG
358,AGGCGTAAGGAACAGAAACG
359,AAATGTAAGGTACAGAAACG
360,ATGGGCAAGGTACAGAAACG
361,TCCTGTAAGGCACAGAAACG
362,AGATGCAAGGTACAAAAACG
363,AATTGTAAGGCACAGAAACG
364,ATTGGCAAGGTACAAAAACG
365,ATCTGTAAGGTACAAAAACG
366,AACCGTAAGGTACAGAAACG
367,AAGCGTAAGGTACAGAAACG
368,ACGCGCAAGGTACAAAAACG
369,ACATGCAAGGCACAAAAACG
370,AAACGTAAGGAACAGAAACG
371,ATCGGTAAGGAACAAAAACG
372,AGCTGTAAGGTACAGAAACG
373,ATTCGCAAGGTACAAAAACG
374,ATACGTAAGGAACAAAAACG
375,ATGTGTAAGGTACAAAAACG
376,GCGGGTAAGGTACAAAAACG
377,ATCGGCAAGGTACAGAAACG
378,ACAGGCAAGGAACAAAAACG
379,AGTCGCAAGGTACAGAAACG
380,AGGCGTAAGGCACAAAAACG
381,ACGTGCAAGGCACAGAAACG
382,AAGTGCAAGGTACAAAAACG
383,ATCGGTAAGGTACAGAAACG
384,AAACGTAAGGTACAAAAACG
385,ACCTGTAAGGTACAGAAACG
386,ATATGTAAGGTACAAAAACG
387,AAAGGTAAGGCACAAAAACG
388,ACATGCAAGGAACAAAAACG
389,ATGCGTAAGGCACAAAAACG
390,AATGGCAAGGCACAAAAACG
391,ACGCGTAAGGCACAAAAACG
392,AAGCGTAAGGCACAAAAACG
393,ACACGTAAGGAACAAAAACG
394,AACGGTAAGGAACAGAAACG
395,AGATGTAAGGTACAGAAACG
396,AAACGTAAGGTACAGAAACG
397,ATCTGCAAGGTACAAAAACG
398,ACCTGTAAGGAACAGAAACG
399,ATAGGTAAGGCACAAAAACG
400,ACCCGTAAGGAACAGAAACG
401,ATGGGTAAGGTACAGAAACG
402,ATGGGCAAGGAACAGAAACG
403,ATCGGCAAGGAACAGAAACG
404,AACGGCAAGGAACAAAAACG
405,AAAGGTAAGGAACAAAAACG
406,ATCCGTAAGGAACAGAAACG
407,ACCTGCAAGGTACAAAAACG
408,ACTTGTAAGGCACAAAAACG
409,ACGCGTAAGGAACAAAAACG
410,ATGCGTAAGGAACAGAAACG
411,GCCGGTAAGGTACAGAAACG
412,ACTTGCAAGGCACAAAAACG
413,AATGGCAAGGAACAGAAACG
414,AGTTGCAAGGCACAGAAACG
415,ATTTGTAAGGTACAAAAACG
416,AATGGCAAGGCACAGAAACG
417,AGTTGTAAGGCACAAAAACG
418,AACGGTAAGGAACAAAAACG
419,AAGTGCAAGGTACAGAAACG
420,TCCTGTAAGGCACAAAAACG
421,ATGCGTAAGGTACAAAAACG
422,ATCCGTAAGGTACAGAAACG
423,ACATGTAAGGTACAAAAACG
424,ACGCGCAAGGAACAAAAACG
425,AGCCGTAAGGAACAGAAACG
426,ACGGGCAAGGAACAAAAACG
427,ACACGTAAGGAACAGAAACG
428,AACTGTAAGGTACAGAAACG
429,ATGCGTAAGGCACAGAAACG
430,ATTTGTAAGGCACAGAAACG
431,AGATGTAAGGAACAGAAACG
432,ACGCGCAAGGCACAAAAACG
433,AATCGCAAGGTACAAAAACG
434,AATGGTAAGGAACAAAAACG
435,AGTGGCAAGGTACAAAAACG
436,ACGGGCAAGGAACAGAAACG
437,AGATGCAAGGTACAGAAACG
438,ATAGGCAAGGAACAGAAACG
439,ATGGGTAAGGAACAAAAACG
440,AATGGCAAGGTACAAAAACG
441,ATATGCAAGGTACAAAAACG
442,ATACGTAAGGTACAAAAACG
443,GCCGGTAAGGTACAAAAACG
444,ACTGGCAAGGTACAAAAACG
445,ATCTGTAAGGAACAGAAACG
446,AGTGGCAAGGCACAAAAACG
447,ACTCGCAAGGTACAAAAACG
448,AGTGGTAAGGTACAAAAACG
449,AGCGGTAAGGAACAGAAACG
450,AAATGCAAGGTACAAAAACG
451,ATGTGCAAGGTACAAAAACG
452,TCCGGTAAGGCACAGAAACG
453,ACGGGTAAGGAACAAAAACG
454,GGCGGTAAGGCACAAAAACG
455,ACTTGCAAGGCACAGAAACG
456,AGAGGTAAGGAACAGAAACG
